status,id,oldTerm,newTerm,rule,oldPhonetic,newPhonetic,oldMeaning,newMeaning,audioSource,audioUrl,note
updated,P1-449,categories,category,-ies -> y,,ˈkætəɡəri,n. 分类；类别（category的复数）,n. 分类；类别,oxford,https://www.oxfordlearnersdictionaries.com/media/english/uk_pron/c/cat/categ/category__gb_3.mp3,
updated,P9-714,pots,pot,-s,pɒts,pɒt,n. 罐；壶；盆；“pot”的复数；,n. 罐；壶；盆,oxford,https://www.oxfordlearnersdictionaries.com/media/english/uk_pron/p/pot/pot__/pot__gb_1.mp3,
updated,P9-1382,posts,post,-s,pəʊsts,pəʊst,n. [劳经]岗位；[测]标杆；邮件（post 的复数）；,n. [劳经]岗位；[测]标杆；邮件,oxford,https://www.oxfordlearnersdictionaries.com/media/english/uk_pron/p/pos/post_/post__1_gb_1.mp3,
updated,P9-1483,crocodiles,crocodile,-s,ˈkrɒkədaɪlz,ˈkrɒkədaɪl,n. 鳄鱼；“crocodile”的复数；,n. 鳄鱼,oxford,https://www.oxfordlearnersdictionaries.com/media/english/uk_pron/c/cro/croco/crocodile__gb_2.mp3,
updated,P1-215,decorations,decoration,-s,ˌdekəˈreɪʃənz,ˌdekəˈreɪʃn,n. 装饰品；装饰物；“decoration”的复数；,n. 装饰品；装饰物,oxford,https://www.oxfordlearnersdictionaries.com/media/english/uk_pron/d/dec/decor/decoration__gb_2.mp3,
updated,P9-284,problems,problem,-s,ˈprɒbləmz,ˈprɒbləm,n. 问题；“problem”的复数；,n. 问题,oxford,https://www.oxfordlearnersdictionaries.com/media/english/uk_pron/p/pro/probl/problem__gb_2.mp3,
updated,P9-29,books,book,-s,bʊks,bʊk,n. 书；“book”的复数；,n. 书,oxford,https://www.oxfordlearnersdictionaries.com/media/english/uk_pron/b/boo/book_/book__gb_2.mp3,
updated,P1-420,booths,booth,-s,bu:ðz,buːð,"n. 售货棚, 摊位( booth的复数形式 ); 小房间","n. 售货棚, 摊位; 小房间",oxford,https://www.oxfordlearnersdictionaries.com/media/english/uk_pron/b/boo/booth/booth__gb_3.mp3,
updated,P9-399,toys,toy,-s,tɔɪz,tɔɪ,n. 玩具；“toy”的复数；,n. 玩具,oxford,https://www.oxfordlearnersdictionaries.com/media/english/uk_pron/t/toy/toy__/toy__gb_1.mp3,
updated,P9-753,rivals,rival,-s,ˈraɪv(ə)lz,ˈraɪvl,n. 竞争者；“rival”的复数；,n. 竞争者,oxford,https://www.oxfordlearnersdictionaries.com/media/english/uk_pron/r/riv/rival/rival__gb_1.mp3,
updated,P9-1467,automobiles,automobile,-s,ˈɔːtəməbiːlz,ˈɔːtəməbiːl,n. [车辆]汽车；发动器；[车辆]汽车，发动器（automobile 复数）；,n. [车辆]汽车；发动器；[车辆]汽车，发动器,oxford,https://www.oxfordlearnersdictionaries.com/media/english/uk_pron/a/aut/autom/automobile__gb_1.mp3,
updated,P1-107,whales,whale,-s,weɪlz,weɪl,n. 鲸；“whale”的复数；,n. 鲸,oxford,https://www.oxfordlearnersdictionaries.com/media/english/uk_pron/w/wha/whale/whale__gb_2.mp3,
updated,P9-1455,strategies,strategy,-ies -> y,ˈstrætədʒɪz,ˈstrætədʒi,n. 策略；战略；“strategy”的复数,n. 策略；战略,oxford,https://www.oxfordlearnersdictionaries.com/media/english/uk_pron/s/str/strat/strategy__gb_3.mp3,
updated,P1-352,accounts,account,-s,,əˈkaʊnt,n. 账号；会计账簿；账目（account的复数）,n. 账号；会计账簿；账目,oxford,https://www.oxfordlearnersdictionaries.com/media/english/uk_pron/a/acc/accou/account__gb_1.mp3,
updated,P9-1421,textiles,textile,-s,ˈtekstaɪlz,ˈtekstaɪl,n.纺织品,n. 纺织品；纺织物,oxford,https://www.oxfordlearnersdictionaries.com/media/english/uk_pron/t/tex/texti/textile__gb_1.mp3,
updated,P9-332,shoulders,shoulder,-s,ˈʃəʊldəz,ˈʃəʊldə(r),n. 肩膀；肩部；肩膀（shoulder 的复数）；,n. 肩膀；肩部；肩膀,oxford,https://www.oxfordlearnersdictionaries.com/media/english/uk_pron/s/sho/shoul/shoulder__gb_1.mp3,
updated,P9-1568,sandglasses,sandglass,-es,ˈsændɡlɑːsɪz,ˈsændɡlɑːsɪz,n. 沙漏（复数形式）,n. 沙漏,tts_fallback,,
updated,P9-1339,handouts,handout,-s,ˈhændˌaʊts,ˈhændaʊt,n. 印刷品；讲义；施舍物；救济品；“handout”的复数；,n. 印刷品；讲义；施舍物；救济品,oxford,https://www.oxfordlearnersdictionaries.com/media/english/uk_pron/h/han/hando/handout__gb_1.mp3,
updated,P9-1548,claws,claw,-s,klɔːz,klɔː,n. 爪子；爪子（claw 的复数）；,n. 爪子；爪子,oxford,https://www.oxfordlearnersdictionaries.com/media/english/uk_pron/c/cla/claw_/claw__gb_1.mp3,
updated,P9-989,festivals,festival,-s,ˈfɛstɪvlz,ˈfestɪvl,n.节日,n.节日,oxford,https://www.oxfordlearnersdictionaries.com/media/english/uk_pron/f/fes/festi/festival__gb_2.mp3,
updated,P9-1400,restrictions,restriction,-s,rɪˈstrɪkʃ(ə)ns,rɪˈstrɪkʃn,n. 约束；“restriction”的复数；,n. 约束,oxford,https://www.oxfordlearnersdictionaries.com/media/english/uk_pron/r/res/restr/restriction__gb_1.mp3,
updated,P9-102,examples,example,-s,ɪɡˈzɑːmp(ə)lz,ɪɡˈzɑːmpl,n. 例子；“example”的复数,n. 例子,oxford,https://www.oxfordlearnersdictionaries.com/media/english/uk_pron/e/exa/examp/example__gb_1.mp3,
updated,P9-702,pilots,pilot,-s,ˈpaɪləts,ˈpaɪlət,n. 飞行员；“pilot”的复数；,n. 飞行员,oxford,https://www.oxfordlearnersdictionaries.com/media/english/uk_pron/p/pil/pilot/pilot__gb_1.mp3,
updated,P9-1367,nests,nest,-s,nests,nest,n. 巢；“nest”的复数；,n. 巢,oxford,https://www.oxfordlearnersdictionaries.com/media/english/uk_pron/n/nes/nest_/nest__gb_1.mp3,
updated,P9-947,cities,city,-ies -> y,ˈsɪtɪz,ˈsɪti,n. 城市；“city”的复数；,n. 城市,oxford,https://www.oxfordlearnersdictionaries.com/media/english/uk_pron/c/cit/city_/city__gb_2.mp3,
updated,P9-1070,shirts,shirt,-s,ʃɜːts,ʃɜːt,n.衬衫,n.衬衫,oxford,https://www.oxfordlearnersdictionaries.com/media/english/uk_pron/s/shi/shirt/shirt__gb_2.mp3,
updated,P9-1081,spoons,spoon,-s,spuːnz,spuːn,n.汤勺,n.汤勺,oxford,https://www.oxfordlearnersdictionaries.com/media/english/uk_pron/s/spo/spoon/spoon__gb_2.mp3,
updated,P9-1434,neighbours,neighbour,-s,ˈneɪbəz,ˈneɪbə(r),n. 邻居；“neighbour”的复数；,n. 邻居,oxford,https://www.oxfordlearnersdictionaries.com/media/english/uk_pron/n/nei/neigh/neighbour__gb_1.mp3,
updated,P9-1413,strangers,stranger,-s,ˈstreɪndʒəz,ˈstreɪndʒə(r),n.陌生人,n.陌生人,oxford,https://www.oxfordlearnersdictionaries.com/media/english/uk_pron/s/str/stran/stranger__gb_1.mp3,
updated,P9-198,materials,material,-s,məˈtɪərɪəlz,məˈtɪəriəl,n. 材料；“material”的复数；,n. 材料,oxford,https://www.oxfordlearnersdictionaries.com/media/english/uk_pron/m/mat/mater/material__gb_2.mp3,
updated,P9-945,choices,choice,-s,ˈtʃɔɪsɪs,tʃɔɪs,n.选择,n.选择,oxford,https://www.oxfordlearnersdictionaries.com/media/english/uk_pron/c/cho/choic/choice__gb_2.mp3,
updated,P9-1576,cuttings,cutting,-s,ˈkʌtɪŋz,ˈkʌtɪŋ,n. 剪辑；,n. 剪辑,oxford,https://www.oxfordlearnersdictionaries.com/media/english/uk_pron/c/cut/cutti/cutting__gb_1.mp3,
updated,P9-992,fingers,finger,-s,ˈfɪŋɡəz,ˈfɪŋɡə(r),n. 手指；“finger”的复数；,n. 手指,oxford,https://www.oxfordlearnersdictionaries.com/media/english/uk_pron/f/fin/finge/finger__gb_1.mp3,
updated,P9-751,respects,respect,-s,rɪˈspekt,rɪˈspekt,n.尊敬,n. 尊敬；方面；v. 尊敬,oxford,https://www.oxfordlearnersdictionaries.com/media/english/uk_pron/r/res/respe/respect__gb_1.mp3,
updated,P9-976,ducks,duck,-s,dʌks,dʌk,n. 鸭；“duck”的复数；,n. 鸭,oxford,https://www.oxfordlearnersdictionaries.com/media/english/uk_pron/d/duc/duck_/duck__gb_2.mp3,
updated,P9-1460,versions,version,-s,ˈvɜːʃ(ə)nz,ˈvɜːʃn,n. 版本；,n. 版本,oxford,https://www.oxfordlearnersdictionaries.com/media/english/uk_pron/v/ver/versi/version__gb_1.mp3,
updated,P9-53,clouds,cloud,-s,klaʊdz,klaʊd,n.云,n.云,oxford,https://www.oxfordlearnersdictionaries.com/media/english/uk_pron/c/clo/cloud/cloud__gb_1.mp3,
updated,P9-1274,calories,calorie,-ies -> y,ˈkæləriz,ˈkæləri,n. 卡路里（热量单位）；“calorie”的复数；,n. 卡路里（热量单位）,tts_fallback,,
updated,P9-215,monkeys,monkey,-s,ˈmʌŋkiz,ˈmʌŋki,n. 猴子；“monkey”的复数；,n. 猴子,oxford,https://www.oxfordlearnersdictionaries.com/media/english/uk_pron/m/mon/monke/monkey__gb_2.mp3,
updated,P9-781,stars,star,-s,stɑːz,stɑː(r),n. 星星；明星；“star”的复数；,n. 星星；明星,oxford,https://www.oxfordlearnersdictionaries.com/media/english/uk_pron/s/sta/star_/star__gb_2.mp3,
updated,P9-1075,sides,side,-s,saɪdz,saɪd,n. 边；面；旁边；“side”的复数；,n. 边；面；旁边,oxford,https://www.oxfordlearnersdictionaries.com/media/english/uk_pron/s/sid/side_/side__gb_1.mp3,
updated,P9-1352,issues,issue,-s,ˈɪʃuːz,ˈɪʃuː,n.事件,n.事件,oxford,https://www.oxfordlearnersdictionaries.com/media/english/uk_pron/i/iss/issue/issue__gb_3.mp3,
updated,P9-631,inscriptions,inscription,-s,ˌɪnˈskrɪpʃnz,ɪnˈskrɪpʃn,n. 铭文；,n. 铭文,oxford,https://www.oxfordlearnersdictionaries.com/media/english/uk_pron/i/ins/inscr/inscription__gb_1.mp3,
updated,P9-57,coins,coin,-s,kɔɪnz,kɔɪn,n. 硬币；“coin”的复数；,n. 硬币,oxford,https://www.oxfordlearnersdictionaries.com/media/english/uk_pron/c/coi/coin_/coin__gb_1.mp3,
updated,P9-759,sandwiches,sandwich,-es,ˈsænwɪtʃɪz,ˈsænwɪtʃ,n. 三明治；“sandwich”的复数；,n. 三明治,oxford,https://www.oxfordlearnersdictionaries.com/media/english/uk_pron/s/san/sandw/sandwich__gb_8.mp3,
updated,P9-1115,wings,wing,-s,wɪŋz,wɪŋ,n. 翅膀；翼；“wing”的复数；,n. 翅膀；翼,oxford,https://www.oxfordlearnersdictionaries.com/media/english/uk_pron/w/win/wing_/wing__gb_1.mp3,
updated,P9-338,skills,skill,-s,skɪls,skɪl,n. 技能；技巧；技术；“skill”的复数；,n. 技能；技巧；技术,oxford,https://www.oxfordlearnersdictionaries.com/media/english/uk_pron/s/ski/skill/skill__gb_2.mp3,
updated,P9-1281,cliffs,cliff,-s,klɪfs,klɪf,n. 悬崖；峭壁；“cliff”的复数；,n. 悬崖；峭壁,oxford,https://www.oxfordlearnersdictionaries.com/media/english/uk_pron/c/cli/cliff/cliff__gb_1.mp3,
updated,P9-1294,crystals,crystal,-s,ˈkrɪstlz,ˈkrɪstl,n.水晶,n.水晶,oxford,https://www.oxfordlearnersdictionaries.com/media/english/uk_pron/c/cry/cryst/crystal__gb_1.mp3,
updated,P9-1291,corrections,correction,-s,kəˈrekʃnz,kəˈrekʃn,n. 修改；校正；,n. 修改；校正,oxford,https://www.oxfordlearnersdictionaries.com/media/english/uk_pron/c/cor/corre/correction__gb_1.mp3,
updated,P9-1501,ingredients,ingredient,-s,ɪnˈɡriːdɪənts,ɪnˈɡriːdiənt,n. 材料；组成部分；“ingredient”的复数；,n. 材料；组成部分,oxford,https://www.oxfordlearnersdictionaries.com/media/english/uk_pron/i/ing/ingre/ingredient__gb_1.mp3,
updated,P9-1111,wheels,wheel,-s,wiːlz,wiːl,n. 轮子；车；“wheel”的复数；,n. 轮子；车,oxford,https://www.oxfordlearnersdictionaries.com/media/english/uk_pron/w/whe/wheel/wheel__gb_1.mp3,
updated,P9-654,lists,list,-s,lɪsts,lɪst,n. 清单；“list”的复数； v. 列出；,n. 清单； v. 列出,oxford,https://www.oxfordlearnersdictionaries.com/media/english/uk_pron/l/lis/list_/list__gb_1.mp3,
updated,P9-1457,symbols,symbol,-s,ˈsɪmb(ə)lz,ˈsɪmbl,n. 象征；“symbol”的复数；,n. 象征,oxford,https://www.oxfordlearnersdictionaries.com/media/english/uk_pron/s/sym/symbo/symbol__gb_2.mp3,
updated,P9-1098,tickets,ticket,-s,ˈtɪkɪts,ˈtɪkɪt,n. 票；入场券；“ticket”的复数；,n. 票；入场券,oxford,https://www.oxfordlearnersdictionaries.com/media/english/uk_pron/t/tic/ticke/ticket__gb_1.mp3,
updated,P9-1462,accountants,accountant,-s,əˈkaʊntənts,əˈkaʊntənt,n. 会计师；“accountant”的复数；,n. 会计师,oxford,https://www.oxfordlearnersdictionaries.com/media/english/uk_pron/a/acc/accou/accountant__gb_1.mp3,
skipped,P9-1578,sunglasses,sunglasses,skipped,ˈsʌnɡlɑːsɪz,ˈsʌnɡlɑːsɪz,n. 太阳镜；墨镜,n. 太阳镜；墨镜,,,???????????
updated,P9-330,shoes,shoe,-s,ʃuːz,ʃuː,n. 鞋子；“shoe”的复数；,n. 鞋子,oxford,https://www.oxfordlearnersdictionaries.com/media/english/uk_pron/s/sho/shoe_/shoe__gb_2.mp3,
updated,P9-30,boots,boot,-s,buːts,buːt,n. 靴子；“boot”的复数；,n. 靴子,oxford,https://www.oxfordlearnersdictionaries.com/media/english/uk_pron/b/boo/boot_/boot__gb_2.mp3,
updated,P9-236,numbers,number,-s,ˈnʌmbəz,ˈnʌmbə(r),n. 数字；算术；“number”的复数；,n. 数字；算术,oxford,https://www.oxfordlearnersdictionaries.com/media/english/uk_pron/n/num/numbe/number__gb_1.mp3,
updated,P9-1025,meetings,meeting,-s,ˈmiːtɪŋz,ˈmiːtɪŋ,n. 会议；会面；“meeting”的复数；,n. 会议；会面,oxford,https://www.oxfordlearnersdictionaries.com/media/english/uk_pron/m/mee/meeti/meeting__gb_1.mp3,
updated,P9-323,services,service,-s,ˈsɜːvɪsɪz,ˈsɜːvɪs,n. 服务；“service”的复数；,n. 服务,oxford,https://www.oxfordlearnersdictionaries.com/media/english/uk_pron/s/ser/servi/service__gb_2.mp3,
updated,P9-691,pairs,pair,-s,peəz,peə(r),n. 一对；一双；“pair”的复数；,n. 一对；一双,oxford,https://www.oxfordlearnersdictionaries.com/media/english/uk_pron/p/pai/pair_/pair__gb_1.mp3,
updated,P9-1376,patients,patient,-s,ˈpeɪʃənts,ˈpeɪʃnt,n. 病人；“patient”的复数；,n. 病人,oxford,https://www.oxfordlearnersdictionaries.com/media/english/uk_pron/p/pat/patie/patient__gb_2.mp3,
updated,P9-458,alternatives,alternative,-ves -> f,ɔːlˈtɜːnətɪvz,ɔːlˈtɜːnətɪv,n. 替代选择；替代选择（alternative 的复数）；,n. 替代选择；替代选择,tts_fallback,,
updated,P9-492,churches,church,-es,tʃɜːtʃɪz,tʃɜːtʃ,n. 教堂；“church”的复数；,n. 教堂,oxford,https://www.oxfordlearnersdictionaries.com/media/english/uk_pron/c/chu/churc/church__gb_2.mp3,
updated,P9-1214,effects,effect,-s,ɪˈfekts,ɪˈfekt,n. 影响；效果；效应；作用；“effect”的复数；,n. 影响；效果；效应；作用,oxford,https://www.oxfordlearnersdictionaries.com/media/english/uk_pron/e/eff/effec/effect__gb_2.mp3,
updated,P1-128,magazines,magazine,-s,ˈmæɡəziːnz,ˌmæɡəˈziːn,n. 杂志；“magazine”的复数；,n. 杂志,oxford,https://www.oxfordlearnersdictionaries.com/media/english/uk_pron/m/mag/magaz/magazine__gb_1.mp3,
updated,P9-442,windows,window,-s,ˈwɪndəʊz,ˈwɪndəʊ,n. 窗户；窗口；电脑窗口；“window”的复数；,n. 窗户；窗口；电脑窗口,oxford,https://www.oxfordlearnersdictionaries.com/media/english/uk_pron/w/win/windo/window__gb_2.mp3,
updated,P9-1583,predators,predator,-s,ˈpredətəz,ˈpredətə(r),n. 食肉动物；“predator”的复数；,n. 食肉动物,oxford,https://www.oxfordlearnersdictionaries.com/media/english/uk_pron/p/pre/preda/predator__gb_1.mp3,
updated,P9-301,roads,road,-s,rəʊds,rəʊd,n. 马路；“road”的复数,n. 马路,oxford,https://www.oxfordlearnersdictionaries.com/media/english/uk_pron/r/roa/road_/road__gb_1.mp3,
updated,P9-109,feathers,feather,-s,ˈfeðəz,ˈfeðə(r),n. 羽毛；“feather”的复数；,n. 羽毛,oxford,https://www.oxfordlearnersdictionaries.com/media/english/uk_pron/f/fea/feath/feather__gb_1.mp3,
updated,P9-288,rats,rat,-s,ræts,ræt,n. 老鼠；耗子；“rat”的复数；,n. 老鼠；耗子,oxford,https://www.oxfordlearnersdictionaries.com/media/english/uk_pron/r/rat/rat__/rat__gb_1.mp3,
updated,P9-175,lamps,lamp,-s,læmps,læmp,n. 灯；“lamp”的复数；,n. 灯,oxford,https://www.oxfordlearnersdictionaries.com/media/english/uk_pron/l/lam/lamp_/lamp__gb_2.mp3,
updated,P9-355,spices,spice,-s,sˈpaɪsɪz,spaɪs,n.香料,n.香料,oxford,https://www.oxfordlearnersdictionaries.com/media/english/uk_pron/s/spi/spice/spice__gb_1.mp3,
updated,P9-78,deliveries,delivery,-ies -> y,dɪˈlɪvərɪz,dɪˈlɪvəri,n.交付（的货物）,n.交付（的货物）,oxford,https://www.oxfordlearnersdictionaries.com/media/english/uk_pron/d/del/deliv/delivery__gb_2.mp3,
updated,P1-203,candles,candle,-s,ˈkænd(ə)lz,ˈkændl,n. 蜡烛；“candle”的复数；,n. 蜡烛,oxford,https://www.oxfordlearnersdictionaries.com/media/english/uk_pron/c/can/candl/candle__gb_1.mp3,
updated,P9-1282,comets,comet,-s,ˈkəʊmɪts,ˈkɒmɪt,n.彗星,n.彗星,oxford,https://www.oxfordlearnersdictionaries.com/media/english/uk_pron/c/com/comet/comet__gb_1.mp3,
updated,P9-341,slaves,slave,-ves -> f,sleɪvz,sleɪv,n. 奴隶；“slave”的复数；,n. 奴隶,tts_fallback,,
updated,P9-495,clocks,clock,-s,klɒks,klɒk,n. 钟表；[仪]时钟；[仪]时钟（clock 的复数）；,n. 钟表；[仪]时钟；[仪]时钟,oxford,https://www.oxfordlearnersdictionaries.com/media/english/uk_pron/c/clo/clock/clock__gb_1.mp3,
updated,P9-87,dogs,dog,-s,dɒɡz,dɒɡ,n. 狗；“dog”的复数；,n. 狗,oxford,https://www.oxfordlearnersdictionaries.com/media/english/uk_pron/d/dog/dog__/dog__gb_2.mp3,
updated,P9-328,shells,shell,-s,ʃelz,ʃel,n. 壳体；贝壳；炮弹；“shell”的复数；,n. 壳体；贝壳；炮弹,oxford,https://www.oxfordlearnersdictionaries.com/media/english/uk_pron/s/she/shell/shell__gb_1.mp3,
updated,P9-937,butterflies,butterfly,-ies -> y,ˈbʌtəflaɪz,ˈbʌtəflaɪ,n. 蝴蝶；“butterfly”的复数；,n. 蝴蝶,oxford,https://www.oxfordlearnersdictionaries.com/media/english/uk_pron/b/but/butte/butterfly__gb_2.mp3,
updated,P9-1295,currents,current,-s,ˈkʌrənts,ˈkʌrənt,n. 水流；电流；趋势；,n. 水流；电流；趋势,oxford,https://www.oxfordlearnersdictionaries.com/media/english/uk_pron/c/cur/curre/current__gb_4.mp3,
updated,P9-272,plays,play,-s,pleɪz,pleɪ,n.戏剧,n.戏剧,oxford,https://www.oxfordlearnersdictionaries.com/media/english/uk_pron/p/pla/play_/play__gb_1.mp3,
updated,P9-317,scientists,scientist,-s,ˈsaɪəntɪsts,ˈsaɪəntɪst,n. 科学家；“scientist”的复数；,n. 科学家,oxford,https://www.oxfordlearnersdictionaries.com/media/english/uk_pron/s/sci/scien/scientist__gb_2.mp3,
updated,P9-1340,helicopters,helicopter,-s,ˈhɛlɪkɒptəz,ˈhelɪkɒptə(r),n. 直升机（helicopter的复数形式）,n. 直升机,oxford,https://www.oxfordlearnersdictionaries.com/media/english/uk_pron/h/hel/helic/helicopter__gb_2.mp3,
updated,P9-1091,tasks,task,-s,tɑːsks,tɑːsk,n. 任务；工作；,n. 任务；工作,oxford,https://www.oxfordlearnersdictionaries.com/media/english/uk_pron/t/tas/task_/task__gb_3.mp3,
updated,P9-1489,employers,employer,-s,ɪmˈplɔɪəz,ɪmˈplɔɪə(r),n. 雇主；“employer”的复数；,n. 雇主,oxford,https://www.oxfordlearnersdictionaries.com/media/english/uk_pron/e/emp/emplo/employer__gb_3.mp3,
updated,P9-641,knives,knife,irregular,naɪvz,naɪf,n. 刀；“knife”的复数；,n. 刀,oxford,https://www.oxfordlearnersdictionaries.com/media/english/uk_pron/k/kni/knife/knife__gb_2.mp3,
updated,P9-830,zoos,zoo,-s,zuːz,zuː,n. 动物园（zoo 的复数形式）,n. 动物园,oxford,https://www.oxfordlearnersdictionaries.com/media/english/uk_pron/z/zoo/zoo__/zoo__gb_1.mp3,
updated,P9-819,vitamins,vitamin,-s,ˈvɪtəmɪnz,ˈvɪtəmɪn,n.维生素,n.维生素,oxford,https://www.oxfordlearnersdictionaries.com/media/english/uk_pron/v/vit/vitam/vitamin__gb_1.mp3,
updated,P9-1440,peers,peer,-s,pɪəz,pɪə(r),n. 同龄人；同辈；“peer”的复数；,n. 同龄人；同辈,oxford,https://www.oxfordlearnersdictionaries.com/media/english/uk_pron/p/pee/peer_/peer__gb_1.mp3,
updated,P9-927,bags,bag,-s,bæɡz,bæɡ,n. 包；“bag”的复数；,n. 包,oxford,https://www.oxfordlearnersdictionaries.com/media/english/uk_pron/b/bag/bag__/bag__gb_2.mp3,
updated,P9-266,photographs,photograph,-s,ˈfəʊtəɡrɑːfs,ˈfəʊtəɡrɑːf,n. 照片；“photograph”的复数；,n. 照片,oxford,https://www.oxfordlearnersdictionaries.com/media/english/uk_pron/p/pho/photo/photograph__gb_1.mp3,
updated,P9-1056,reservations,reservation,-s,rezəˈveɪʃ(ə)nz,ˌrezəˈveɪʃn,n. 保留；预订；,n. 保留；预订,oxford,https://www.oxfordlearnersdictionaries.com/media/english/uk_pron/r/res/reser/reservation__gb_2.mp3,
updated,P9-1055,refreshments,refreshment,-s,rɪˈfreʃmənts,rɪˈfreʃmənt,n. 茶点；“refreshment”的复数；,n. 茶点,oxford,https://www.oxfordlearnersdictionaries.com/media/english/uk_pron/r/ref/refre/refreshment__gb_1.mp3,
updated,P9-1261,achievements,achievement,-s,əˈtʃiːvmənts,əˈtʃiːvmənt,n. 成就；,n. 成就,oxford,https://www.oxfordlearnersdictionaries.com/media/english/uk_pron/a/ach/achie/achievement__gb_1.mp3,
updated,P9-397,tourists,tourist,-s,ˈtʊərɪsts,ˈtʊərɪst,n. 旅游者；观光者；“tourist”的复数；,n. 旅游者；观光者,oxford,https://www.oxfordlearnersdictionaries.com/media/english/uk_pron/t/tou/touri/tourist__gb_1.mp3,
updated,P9-723,prices,price,-s,ˈpraɪsɪz,praɪs,n. 价格；“price”的复数；,n. 价格,oxford,https://www.oxfordlearnersdictionaries.com/media/english/uk_pron/p/pri/price/price__gb_1.mp3,
updated,P9-271,platforms,platform,-s,ˈplætfɔːmz,ˈplætfɔːm,n. 平台；站台；月台；“platform”的复数；,n. 平台；站台；月台,oxford,https://www.oxfordlearnersdictionaries.com/media/english/uk_pron/p/pla/platf/platform__gb_1.mp3,
updated,P9-1463,advisors,advisor,-s,ædˈvaɪzəz,ædˈvaɪzəz,n. 顾问；“advisor”的复数；,n. 顾问,tts_fallback,,
updated,P9-1459,tribes,tribe,-s,traɪbs,traɪb,n. 部落；“tribe”的复数；,n. 部落,oxford,https://www.oxfordlearnersdictionaries.com/media/english/uk_pron/t/tri/tribe/tribe__gb_1.mp3,
updated,P9-188,locks,lock,-s,lɒks,lɒk,n.锁,n.锁,oxford,https://www.oxfordlearnersdictionaries.com/media/english/uk_pron/l/loc/lock_/lock__gb_1.mp3,
updated,P9-930,bees,bee,-s,ˈbiːz,biː,n.蜜蜂,n.蜜蜂,oxford,https://www.oxfordlearnersdictionaries.com/media/english/uk_pron/b/bee/bee__/bee__gb_2.mp3,
updated,P9-327,sharks,shark,-s,ʃɑːks,ʃɑːk,n. 鲨鱼；“shark”的复数；,n. 鲨鱼,oxford,https://www.oxfordlearnersdictionaries.com/media/english/uk_pron/s/sha/shark/shark__gb_2.mp3,
updated,P9-579,fireplaces,fireplace,-s,ˈfaɪəpleɪsɪs,ˈfaɪəpleɪs,n. 壁炉；“fireplace”的复数,n. 壁炉,oxford,https://www.oxfordlearnersdictionaries.com/media/english/uk_pron/f/fir/firep/fireplace__gb_1.mp3,
updated,P9-525,customers,customer,-s,ˈkʌstəməz,ˈkʌstəmə(r),n. 顾客；客户；“customer”的复数；,n. 顾客；客户,oxford,https://www.oxfordlearnersdictionaries.com/media/english/uk_pron/c/cus/custo/customer__gb_3.mp3,
updated,P9-938,cabins,cabin,-s,ˈkæbɪns,ˈkæbɪn,n. 小屋；客舱；“cabin”的复数；,n. 小屋；客舱,oxford,https://www.oxfordlearnersdictionaries.com/media/english/uk_pron/c/cab/cabin/cabin__gb_2.mp3,
updated,P9-449,writers,writer,-s,ˈraɪtəz,ˈraɪtə(r),n.作者,n.作者,oxford,https://www.oxfordlearnersdictionaries.com/media/english/uk_pron/w/wri/write/writer__gb_1.mp3,
updated,P9-23,beginners,beginner,-s,bɪˈɡɪnəz,bɪˈɡɪnə(r),n. 初学者；“beginner”的复数；,n. 初学者,oxford,https://www.oxfordlearnersdictionaries.com/media/english/uk_pron/b/beg/begin/beginner__gb_1.mp3,
updated,P9-575,females,female,-s,ˈfiːmeɪl,ˈfiːmeɪl,n.女人,n.女人,oxford,https://www.oxfordlearnersdictionaries.com/media/english/uk_pron/f/fem/femal/female__gb_1.mp3,
updated,P9-1355,laptops,laptop,-s,ˈlæptɒps,ˈlæptɒp,n. 笔记本电脑；“laptop”的复数；,n. 笔记本电脑,oxford,https://www.oxfordlearnersdictionaries.com/media/english/uk_pron/l/lap/lapto/laptop__gb_1.mp3,
updated,P9-159,insects,insect,-s,ˈɪnsekts,ˈɪnsekt,n. 昆虫；“insect”的复数；,n. 昆虫,oxford,https://www.oxfordlearnersdictionaries.com/media/english/uk_pron/i/ins/insec/insect__gb_2.mp3,
updated,P9-1398,resources,resource,-s,rɪˈsɔːsɪz,rɪˈsɔːs,n. 资源；“resource”的复数；,n. 资源,oxford,https://www.oxfordlearnersdictionaries.com/media/english/uk_pron/r/res/resou/resource__gb_1.mp3,
updated,P1-446,cars,car,-s,kɑːz,kɑː(r),n. 汽车；“car”的复数；,n. 汽车,oxford,https://www.oxfordlearnersdictionaries.com/media/english/uk_pron/c/car/car__/car__gb_1.mp3,
updated,P9-642,laboratories,laboratory,-ies -> y,ləˈbɒrətəriz,ləˈbɒrətri,n. 实验室；“laboratory”的复数；,n. 实验室,oxford,https://www.oxfordlearnersdictionaries.com/media/english/uk_pron/l/lab/labor/laboratory__gb_2.mp3,
updated,P9-910,tutorials,tutorial,-s,tjuːˈtɔːriəls,tjuːˈtɔːriəl,n. 教程；指南；“tutorial”的复数；,n. 教程；指南,oxford,https://www.oxfordlearnersdictionaries.com/media/english/uk_pron/t/tut/tutor/tutorial__gb_2.mp3,
updated,P9-1478,contaminants,contaminant,-s,kənˈtæmɪnənts,kənˈtæmɪnənt,n.污染物,n.污染物,oxford,https://www.oxfordlearnersdictionaries.com/media/english/uk_pron/x/xco/xcont/xcontaminant__gb_1.mp3,
updated,P9-356,spiders,spider,-s,ˈspaɪdəz,ˈspaɪdə(r),n. 蜘蛛；“spider”的复数；,n. 蜘蛛,oxford,https://www.oxfordlearnersdictionaries.com/media/english/uk_pron/s/spi/spide/spider__gb_2.mp3,
updated,P9-426,warnings,warning,-s,ˈwɔːnɪŋs,ˈwɔːnɪŋ,n. 警示；警戒；“warning”的复数；,n. 警示；警戒,oxford,https://www.oxfordlearnersdictionaries.com/media/english/uk_pron/w/war/warni/warning__gb_1.mp3,
updated,P9-138,grandparents,grandparent,-s,ˈɡrændpeərənts,ˈɡrænpeərənt,n. 祖父母；外祖父母；爷爷奶奶；,n. 祖父母；外祖父母；爷爷奶奶,oxford,https://www.oxfordlearnersdictionaries.com/media/english/uk_pron/g/gra/grand/grandparent__gb_1.mp3,
updated,P9-1152,regulations,regulation,-s,reɡjʊˈleɪʃ(ə)nz,ˌreɡjuˈleɪʃn,n. 条例；规章；“regulation”的复数；,n. 条例；规章,oxford,https://www.oxfordlearnersdictionaries.com/media/english/uk_pron/r/reg/regul/regulation__gb_3.mp3,
updated,P9-303,roots,root,-s,ruːts,ruːt,n. 根；根源；根本；“root”的复数；,n. 根；根源；根本,oxford,https://www.oxfordlearnersdictionaries.com/media/english/uk_pron/r/rou/route/route__gb_3.mp3,
updated,P9-1415,suits,suit,-s,suːts,suːt,n.套装,n.套装,oxford,https://www.oxfordlearnersdictionaries.com/media/english/uk_pron/s/sui/suit_/suit__gb_1.mp3,
updated,P9-535,directions,direction,-s,dəˈrekʃ(ə)nz,dəˈrekʃn,n. 方向；指示；“direction”的复数；,n. 方向；指示,oxford,https://www.oxfordlearnersdictionaries.com/media/english/uk_pron/d/dir/direc/direction__gb_5.mp3,
updated,P9-1345,instruments,instrument,-s,ˈɪnstrumənts,ˈɪnstrəmənt,n. 仪器；乐器；“instrument”的复数；,n. 仪器；乐器,oxford,https://www.oxfordlearnersdictionaries.com/media/english/uk_pron/i/ins/instr/instrument__gb_3.mp3,
updated,P9-1309,discs,disc,-s,dɪskz,dɪsk,n. 唱片；磁盘；圆盘；背脊骨间的软骨层；圆盘( disc的名词复数 )；,n. 唱片；磁盘；圆盘；背脊骨间的软骨层；圆盘,oxford,https://www.oxfordlearnersdictionaries.com/media/english/uk_pron/d/dis/disc_/disc__gb_1.mp3,
updated,P9-1010,hotels,hotel,-s,həʊˈteɪls,həʊˈtel,n. 酒店；“hotel”的复数；,n. 酒店,oxford,https://www.oxfordlearnersdictionaries.com/media/english/uk_pron/h/hot/hotel/hotel__gb_4.mp3,
updated,P9-452,activities,activity,-ies -> y,ækˈtɪvɪtɪz,ækˈtɪvəti,n. 活动；“activity”的复数；,n. 活动,oxford,https://www.oxfordlearnersdictionaries.com/media/english/uk_pron/a/act/activ/activity__gb_5.mp3,
updated,P9-1412,steps,step,-s,steps,step,n.脚步,n.脚步,oxford,https://www.oxfordlearnersdictionaries.com/media/english/uk_pron/s/ste/step_/step__gb_3.mp3,
updated,P9-623,images,image,-s,ˈɪmɪdʒz,ˈɪmɪdʒ,n. 照片；景象；“image”的复数；,n. 照片；景象,oxford,https://www.oxfordlearnersdictionaries.com/media/english/uk_pron/i/ima/image/image__gb_1.mp3,
updated,P9-644,layers,layer,-s,ˈleɪəz,ˈleɪə(r),n. 层；层次；“layer”的复数；,n. 层；层次,oxford,https://www.oxfordlearnersdictionaries.com/media/english/uk_pron/l/lay/layer/layer__gb_3.mp3,
updated,P9-1234,workers,worker,-s,ˈwɜː(r)kə(r)z,ˈwɜːkə(r),n. 工人；工作者；员工；“worker”的复数；,n. 工人；工作者；员工,oxford,https://www.oxfordlearnersdictionaries.com/media/english/uk_pron/w/wor/worke/worker__gb_1.mp3,
updated,P9-955,clubs,club,-s,klʌbz,klʌb,n. 俱乐部；“club”的复数；,n. 俱乐部,oxford,https://www.oxfordlearnersdictionaries.com/media/english/uk_pron/c/clu/club_/club__gb_1.mp3,
updated,P9-1071,shops,shop,-s,ʃɒps,ʃɒp,n. 商店；“shop”的复数；,n. 商店,oxford,https://www.oxfordlearnersdictionaries.com/media/english/uk_pron/s/sho/shop_/shop__gb_2.mp3,
updated,P9-1577,tablets,tablet,-s,ˈtæblɪts,ˈtæblət,n. 药片；平板电脑；石碑；,n. 药片；平板电脑；石碑,oxford,https://www.oxfordlearnersdictionaries.com/media/english/uk_pron/t/tab/table/tablet__gb_1.mp3,
updated,P9-69,cooks,cook,-s,kʊks,kʊk,n.厨师,n.厨师,oxford,https://www.oxfordlearnersdictionaries.com/media/english/uk_pron/c/coo/cook_/cook__gb_3.mp3,
updated,P9-521,cracks,crack,-s,kræks,kræk,n. 裂缝；裂纹；龟裂；龟裂（crack 的复数形式）； v. 砰地一声打开；,n. 裂缝；裂纹；龟裂；龟裂； v. 砰地一声打开,oxford,https://www.oxfordlearnersdictionaries.com/media/english/uk_pron/c/cra/crack/crack__gb_1.mp3,
updated,P9-707,plates,plate,-s,pleɪts,pleɪt,n. 均匀厚度的片状硬物体；盘子；碟子；“plate”的复数；,n. 均匀厚度的片状硬物体；盘子；碟子,oxford,https://www.oxfordlearnersdictionaries.com/media/english/uk_pron/p/pla/plate/plate__gb_2.mp3,
updated,P9-643,lanes,lane,-s,leɪnz,leɪn,n. 车道；小路；“lane”的复数；,n. 车道；小路,oxford,https://www.oxfordlearnersdictionaries.com/media/english/uk_pron/l/lan/lane_/lane__gb_1.mp3,
updated,P9-1087,students,student,-s,stˈjuːd(ə)nts,ˈstjuːdnt,n. 学生；“student”的复数；,n. 学生,oxford,https://www.oxfordlearnersdictionaries.com/media/english/uk_pron/s/stu/stude/student__gb_3.mp3,
updated,P9-1420,tests,test,-s,tests,test,n. 测试；“test”的复数； v. 考验；,n. 测试； v. 考验,oxford,https://www.oxfordlearnersdictionaries.com/media/english/uk_pron/t/tes/test_/test__gb_1.mp3,
updated,P1-284,teenagers,teenager,-s,ˈtiːnˌeɪdʒəz,ˈtiːneɪdʒə(r),n. （十三到十九岁的）青少年；“teenager”的复数；,n. （十三到十九岁的）青少年,oxford,https://www.oxfordlearnersdictionaries.com/media/english/uk_pron/t/tee/teena/teenager__gb_1.mp3,
updated,P9-1146,presentations,presentation,-s,ˌprezenˈteɪʃənz,ˌpreznˈteɪʃn,n. 报告；“presentation”的复数；,n. 报告,oxford,https://www.oxfordlearnersdictionaries.com/media/english/uk_pron/p/pre/prese/presentation__gb_2.mp3,
updated,P9-1305,destinations,destination,-s,ˌdestɪˈneɪʃnz,ˌdestɪˈneɪʃn,n.目的地,n.目的地,oxford,https://www.oxfordlearnersdictionaries.com/media/english/uk_pron/d/des/desti/destination__gb_2.mp3,
updated,P9-444,women,woman,irregular,ˈwɪmɪn,ˈwʊmən,n. 妇女；女人；“woman”的复数；,n. 女人；妇女,oxford,https://www.oxfordlearnersdictionaries.com/media/english/uk_pron/w/wom/woman/woman__gb_2.mp3,
updated,P9-210,minerals,mineral,-s,ˈmɪnərəlz,ˈmɪnərəl,n. 矿物；矿物质；“mineral”的复数；,n. 矿物；矿物质,oxford,https://www.oxfordlearnersdictionaries.com/media/english/uk_pron/m/min/miner/mineral__gb_1.mp3,
updated,P9-1350,islands,island,-s,ˈaɪlənds,ˈaɪlənd,n.岛屿,n.岛屿,oxford,https://www.oxfordlearnersdictionaries.com/media/english/uk_pron/i/isl/islan/island__gb_2.mp3,
updated,P1-205,carpets,carpet,-s,,ˈkɑːpɪt,n. 地毯（carpet的复数）,n. 地毯,oxford,https://www.oxfordlearnersdictionaries.com/media/english/uk_pron/c/car/carpe/carpet__gb_2.mp3,
updated,P9-1259,taps,tap,-s,tæps,tæp,n. 水龙头；阀门；,n. 水龙头；阀门,oxford,https://www.oxfordlearnersdictionaries.com/media/english/uk_pron/t/tap/tap__/tap__gb_2.mp3,
updated,P9-1196,drugs,drug,-s,drʌɡz,drʌɡ,n. 药物；毒品；“drug”的复数；,n. 药物；毒品,oxford,https://www.oxfordlearnersdictionaries.com/media/english/uk_pron/d/dru/drug_/drug__gb_2.mp3,
updated,P1-413,boards,board,-s,,bɔːd,"n. 木板, 板子；纸板（board复数形式）","n. 木板, 板子；纸板",oxford,https://www.oxfordlearnersdictionaries.com/media/english/uk_pron/b/boa/board/board__gb_2.mp3,
updated,P9-582,fluids,fluid,-s,ˈfluːɪdz,ˈfluːɪd,n. 液体；“fluid”的复数；,n. 液体,oxford,https://www.oxfordlearnersdictionaries.com/media/english/uk_pron/f/flu/fluid/fluid__gb_1.mp3,
updated,P9-874,babies,baby,-ies -> y,ˈbeɪbiz,ˈbeɪbi,n. 婴儿；宝贝；“baby”的复数；,n. 婴儿；宝贝,oxford,https://www.oxfordlearnersdictionaries.com/media/english/uk_pron/b/bab/baby_/baby__gb_2.mp3,
updated,P9-1213,documents,document,-s,ˈdɒkjuments,ˈdɒkjumənt,n. 文件；公文；文献；“document”的复数；,n. 文件；公文；文献,oxford,https://www.oxfordlearnersdictionaries.com/media/english/uk_pron/d/doc/docum/document__gb_4.mp3,
updated,P9-1582,submarines,submarine,-s,/ˌsʌbməˈriːnz/,ˌsʌbməˈriːn,n. 潜水艇,n. 潜水艇,oxford,https://www.oxfordlearnersdictionaries.com/media/english/uk_pron/s/sub/subma/submarine__gb_1.mp3,
updated,P1-226,exercises,exercise,-s,,ˈeksəsaɪz,"n. 练习题, 演习；运动","n. 练习题, 演习；运动",oxford,https://www.oxfordlearnersdictionaries.com/media/english/uk_pron/e/exe/exerc/exercise__gb_1.mp3,
updated,P9-621,ideas,idea,-s,aɪˈdɪəz,aɪˈdɪə,n. 主意；想法；“idea”的复数；,n. 主意；想法,oxford,https://www.oxfordlearnersdictionaries.com/media/english/uk_pron/i/ide/idea_/idea__gb_1.mp3,
updated,P9-683,opportunities,opportunity,-ies -> y,ˌɒpəˈtjuːnɪtɪs,ˌɒpəˈtjuːnəti,n. 机会；“opportunity”的复数,n. 机会,oxford,https://www.oxfordlearnersdictionaries.com/media/english/uk_pron/o/opp/oppor/opportunity__gb_1.mp3,
updated,P9-1469,branches,branch,-es,ˈbrɑːntʃɪz,brɑːntʃ,n. 树枝；分支；分公司；分支；“branch”的复数；,n. 树枝；分支；分公司；分支,oxford,https://www.oxfordlearnersdictionaries.com/media/english/uk_pron/b/bra/branc/branch__gb_1.mp3,
updated,P9-1443,rangers,ranger,-s,ˈreɪndʒə(r)z,ˈreɪndʒə(r),n. 护林员；“ranger”的复数；,n. 护林员,oxford,https://www.oxfordlearnersdictionaries.com/media/english/uk_pron/r/ran/range/ranger__gb_1.mp3,
updated,P9-961,cottages,cottage,-s,ˈkɒtɪdʒz,ˈkɒtɪdʒ,n. 村舍；小屋；小别墅；“cottage”的复数；,n. 村舍；小屋；小别墅,oxford,https://www.oxfordlearnersdictionaries.com/media/english/uk_pron/c/cot/cotta/cottage__gb_1.mp3,
updated,P9-252,parents,parent,-s,ˈpeərənts,ˈpeərənt,n. 父母；“parent”的复数,n. 父亲或母亲；家长,oxford,https://www.oxfordlearnersdictionaries.com/media/english/uk_pron/p/par/paren/parent__gb_1.mp3,
updated,P9-564,engineers,engineer,-s,ˌendʒɪˈnɪəz,ˌendʒɪˈnɪə(r),n. 工程师；“engineer”的复数；,n. 工程师,oxford,https://www.oxfordlearnersdictionaries.com/media/english/uk_pron/e/eng/engin/engineer__gb_1.mp3,
updated,P9-821,wages,wage,-s,ˈweɪdʒɪz,weɪdʒ,n. 工资；“wage”的复数；,n. 工资；薪水,oxford,https://www.oxfordlearnersdictionaries.com/media/english/uk_pron/w/wag/wage_/wage__gb_1.mp3,
skipped,P9-710,police,police,skipped,pəˈliːs,pəˈliːs,n. 警方；警察部门； v. 监督；,n. 警方；警察部门； v. 监督,,,??????/???????
updated,P9-1206,coats,coat,-s,kəuts,kəʊt,n.外套,n.外套,oxford,https://www.oxfordlearnersdictionaries.com/media/english/uk_pron/c/coa/coat_/coat__gb_2.mp3,
updated,P1-310,discounts,discount,-s,,ˈdɪskaʊnt,"n. 优惠, 折价；扣减额（discount的复数形式）","n. 优惠, 折价；扣减额",oxford,https://www.oxfordlearnersdictionaries.com/media/english/uk_pron/d/dis/disco/discount__gb_1.mp3,
updated,P9-603,guides,guide,-s,ɡaɪdz,ɡaɪd,n. 导游；指南；“guide”的复数； v. 指导；指引；,n. 导游；指南； v. 指导；指引,oxford,https://www.oxfordlearnersdictionaries.com/media/english/uk_pron/g/gui/guide/guide__gb_3.mp3,
updated,P9-826,workshops,workshop,-s,ˈwɜːkʃɒps,ˈwɜːkʃɒp,n. 车间；工场；研讨会；“workshop”的复数,n. 车间；工场；研讨会,oxford,https://www.oxfordlearnersdictionaries.com/media/english/uk_pron/w/wor/works/workshop__gb_1.mp3,
updated,P9-1036,mushrooms,mushroom,-s,ˈmʌʃruːmz,ˈmʌʃrʊm,n. 蘑菇；“mushroom”的复数；,n. 蘑菇,oxford,https://www.oxfordlearnersdictionaries.com/media/english/uk_pron/m/mus/mushr/mushroom__gb_1.mp3,
updated,P9-446,words,word,-s,wɜːdz,wɜːd,n. 单词；字；话语；“word”的复数；,n. 单词；字；话语,oxford,https://www.oxfordlearnersdictionaries.com/media/english/uk_pron/w/wor/word_/word__gb_1.mp3,
updated,P9-602,guidelines,guideline,-s,ˈɡaɪdˌlaɪnz,ˈɡaɪdlaɪn,n.方针政策,n.方针政策,oxford,https://www.oxfordlearnersdictionaries.com/media/english/uk_pron/g/gui/guide/guideline__gb_2.mp3,
updated,P9-686,origins,origin,-s,ˈɒrɪdʒɪnz,ˈɒrɪdʒɪn,n. 起源；“origin”的复数；,n. 起源,oxford,https://www.oxfordlearnersdictionaries.com/media/english/uk_pron/o/ori/origi/origin__gb_1.mp3,
updated,P9-1481,cosmetics,cosmetic,-s,kɒzˈmetɪks,kɒzˈmetɪk,n. 化妆品；美容品；“cosmetic”的复数；,n. 化妆品；美容品；adj. 美容的,oxford,https://www.oxfordlearnersdictionaries.com/media/english/uk_pron/c/cos/cosme/cosmetic__gb_1.mp3,
updated,P9-1296,curtains,curtain,-s,ˈkɜːt(ə)nz,ˈkɜːtn,n. 窗帘；“curtain”的复数；,n. 窗帘,oxford,https://www.oxfordlearnersdictionaries.com/media/english/uk_pron/c/cur/curta/curtain__gb_2.mp3,
updated,P9-1464,antibiotics,antibiotic,-s,ˌæntɪbaɪˈɒtɪks,ˌæntibaɪˈɒtɪk,n. 抗生素,n. 抗生素,oxford,https://www.oxfordlearnersdictionaries.com/media/english/uk_pron/a/ant/antib/antibiotic__gb_1.mp3,
updated,P9-984,eyes,eye,-s,aɪz,aɪ,n. 眼睛；“eye”的复数；,n. 眼睛,oxford,https://www.oxfordlearnersdictionaries.com/media/english/uk_pron/e/eye/eye__/eye__gb_2.mp3,
updated,P9-1116,workbooks,workbook,-s,ˈwɜːkbʊks,ˈwɜːkbʊk,n. 练习本；“workbook”的复数；,n. 练习本,oxford,https://www.oxfordlearnersdictionaries.com/media/english/uk_pron/w/wor/workb/workbook__gb_1.mp3,
updated,P9-762,sculptures,sculpture,-s,ˈskʌlptʃəz,ˈskʌlptʃə(r),n. 雕刻品；雕像；,n. 雕刻品；雕像,oxford,https://www.oxfordlearnersdictionaries.com/media/english/uk_pron/s/scu/sculp/sculpture__gb_1.mp3,
updated,P9-219,movies,movie,-ies -> y,muːvɪz,ˈmuːvi,n. 电影；“movie”的复数；,n. 电影,tts_fallback,,
updated,P9-987,feet,foot,irregular,fiːt,fʊt,n. 脚；英尺；“foot”的复数；,n. 脚；英尺,oxford,https://www.oxfordlearnersdictionaries.com/media/english/uk_pron/f/foo/foot_/foot__gb_2.mp3,
updated,P9-1472,bricks,brick,-s,brɪks,brɪk,n. 砖；“brick”的复数；,n. 砖,oxford,https://www.oxfordlearnersdictionaries.com/media/english/uk_pron/b/bri/brick/brick__gb_2.mp3,
updated,P9-1049,prizes,prize,-es,ˈpraɪzɪz,praɪz,n. 奖赏；奖品；奖金；捕获物；“prize”的复数；,n. 奖赏；奖品；奖金；捕获物,tts_fallback,,
updated,P9-541,dolphins,dolphin,-s,ˈdɒlfɪnz,ˈdɒlfɪn,n. 海豚；“dolphin”的复数；,n. 海豚,oxford,https://www.oxfordlearnersdictionaries.com/media/english/uk_pron/d/dol/dolph/dolphin__gb_2.mp3,
updated,P9-269,plants,plant,-s,plɑːnts,plɑːnt,n. 植物；发电厂；工厂；作物；“plant”的复数；,n. 植物；发电厂；工厂；作物,oxford,https://www.oxfordlearnersdictionaries.com/media/english/uk_pron/p/pla/plant/plant__gb_3.mp3,
updated,P9-292,relationships,relationship,-s,rɪˈleʃ(ə)nʃɪps,rɪˈleɪʃnʃɪp,n. 关系；联系；“relationship”的复数；,n. 关系；联系,oxford,https://www.oxfordlearnersdictionaries.com/media/english/uk_pron/r/rel/relat/relationship__gb_2.mp3,
updated,P9-1580,beetles,beetle,-s,ˈbiːt(ə)lz,ˈbiːtl,n.甲虫,n.甲虫,oxford,https://www.oxfordlearnersdictionaries.com/media/english/uk_pron/b/bee/beetl/beetle__gb_3.mp3,
updated,P9-1019,levels,level,-s,ˈlev(ə)lz,ˈlevl,n. 水平；等级；级别；层次；“level”的复数；,n. 水平；等级；级别；层次,oxford,https://www.oxfordlearnersdictionaries.com/media/english/uk_pron/l/lev/level/level__gb_2.mp3,
updated,P9-1109,visitors,visitor,-s,ˈvɪzɪtəz,ˈvɪzɪtə(r),n. 客人；游客；“visitor”的复数；,n. 客人；游客,oxford,https://www.oxfordlearnersdictionaries.com/media/english/uk_pron/v/vis/visit/visitor__gb_1.mp3,
updated,P9-605,hands,hand,-s,hændz,hænd,n. 手；“hand”的复数；,n. 手,oxford,https://www.oxfordlearnersdictionaries.com/media/english/uk_pron/h/han/hand_/hand__gb_2.mp3,
updated,P9-808,trends,trend,-s,trendz,trend,n. 趋势；“trend”的复数；,n. 趋势,oxford,https://www.oxfordlearnersdictionaries.com/media/english/uk_pron/t/tre/trend/trend__gb_2.mp3,
updated,P9-248,ovens,oven,-s,ˈʌv(ə)nz,ˈʌvn,n. 烤箱；“oven”的复数；,n. 烤箱,oxford,https://www.oxfordlearnersdictionaries.com/media/english/uk_pron/o/ove/oven_/oven__gb_1.mp3,
updated,P9-1529,peanuts,peanut,-s,ˈpiːnʌts,ˈpiːnʌt,n.花生,n.花生,oxford,https://www.oxfordlearnersdictionaries.com/media/english/uk_pron/p/pea/peanu/peanut__gb_1.mp3,
updated,P1-335,towels,towel,-s,ˈtauәlz,ˈtaʊəl,"n. 毛巾, 手巾, 纸巾( towel的名词复数 )","n. 毛巾, 手巾, 纸巾",oxford,https://www.oxfordlearnersdictionaries.com/media/english/uk_pron/t/tow/towel/towel__gb_2.mp3,
updated,P9-647,leaves,leaf,irregular,liːvz,liːf,n. 叶；叶片；“leaf”的复数； v. 留下；离开；离去；,n. 叶；叶片； v. 留下；离开；离去,oxford,https://www.oxfordlearnersdictionaries.com/media/english/uk_pron/l/lea/leaf_/leaf__gb_1.mp3,
updated,P9-469,benefits,benefit,-s,ˈbenɪfɪts,ˈbenɪfɪt,n. 利益；好处；“benefit”的复数； v. 有益于；有助于；,n. 利益；好处； v. 有益于；有助于,oxford,https://www.oxfordlearnersdictionaries.com/media/english/uk_pron/b/ben/benef/benefit__gb_2.mp3,
updated,P9-349,songs,song,-s,ˈsɒŋz,sɒŋ,n. 歌曲；“song”的复数；,n. 歌曲,oxford,https://www.oxfordlearnersdictionaries.com/media/english/uk_pron/s/son/song_/song__gb_1.mp3,
skipped,P9-527,data,data,skipped,ˈdeɪtə,ˈdeɪtə,n. 数据；资料；,n. 数据；资料,,,??????? data???? datum
updated,P9-1482,critics,critic,-s,ˈkrɪtɪks,ˈkrɪtɪk,n. 评论家；批评人士；,n. 评论家；批评人士,oxford,https://www.oxfordlearnersdictionaries.com/media/english/uk_pron/c/cri/criti/critic__gb_2.mp3,
updated,P9-1103,tops,top,-s,tɒps,tɒp,n. 盖；“top”的复数；,n. 盖,oxford,https://www.oxfordlearnersdictionaries.com/media/english/uk_pron/t/top/top__/top__gb_1.mp3,
updated,P9-1003,guests,guest,-s,ɡestz,ɡest,n. 宾客；客人；客人（guest 的复数形式）；,n. 宾客；客人；客人,oxford,https://www.oxfordlearnersdictionaries.com/media/english/uk_pron/g/gue/guest/guest__gb_2.mp3,
updated,P9-659,meals,meal,-s,miːlz,miːl,n. 一餐；一顿饭；“meal”的复数；,n. 一餐；一顿饭,oxford,https://www.oxfordlearnersdictionaries.com/media/english/uk_pron/m/mea/meal_/meal__gb_1.mp3,
updated,P9-1149,publications,publication,-s,ˌpʌblɪˈkeɪʃnz,ˌpʌblɪˈkeɪʃn,n. 出版物（publication 的复数）,n. 出版物,oxford,https://www.oxfordlearnersdictionaries.com/media/english/uk_pron/p/pub/publi/publication__gb_1.mp3,
updated,P9-760,scores,score,-s,skɔːz,skɔː(r),n. 得分；分数；“score”的复数；,n. 得分；分数,oxford,https://www.oxfordlearnersdictionaries.com/media/english/uk_pron/s/sco/score/score__gb_1.mp3,
updated,P9-1277,catalogs,catalog,-s,ˈkætəlɒɡs,ˈkætəlɒɡs,n. [图情][计]目录；分类（catalog 的复数）；一览表; v. 把……编目分类；登记（ca...,n. [图情][计]目录；分类；一览表; v. 把……编目分类；登记（ca...,tts_fallback,,
updated,P9-1266,aspirations,aspiration,-s,ˌæspəˈreɪʃnz,ˌæspəˈreɪʃn,n.渴望,n.渴望,oxford,https://www.oxfordlearnersdictionaries.com/media/english/uk_pron/a/asp/aspir/aspiration__gb_1.mp3,
updated,P9-475,boxes,box,-es,ˈbɒksɪz,bɒks,n. 箱子；盒子；“box”的复数；,n. 箱子；盒子,oxford,https://www.oxfordlearnersdictionaries.com/media/english/uk_pron/b/box/box__/box__gb_2.mp3,
updated,P9-615,hormones,hormone,-s,ˈhɔːməʊnz,ˈhɔːməʊn,n. 激素；荷尔蒙；,n. 激素；荷尔蒙,oxford,https://www.oxfordlearnersdictionaries.com/media/english/uk_pron/h/hor/hormo/hormone__gb_1.mp3,
skipped,P9-1269,atlas,atlas,skipped,ˈætləs,ˈætləs,n. 地图册；地图集；,n. 地图册；地图集,,,?????????????
updated,P9-1288,containers,container,-s,kənˈteɪnəz,kənˈteɪnə(r),n. 容器；集装箱；“container”的复数；,n. 容器；集装箱,oxford,https://www.oxfordlearnersdictionaries.com/media/english/uk_pron/x/xco/xcont/xcontainer__gb_1.mp3,
updated,P9-1388,priorities,priority,-ies -> y,praɪˈɒrətɪs,praɪˈɒrəti,n. 优先次序；“priority”的复数；,n. 优先次序,oxford,https://www.oxfordlearnersdictionaries.com/media/english/uk_pron/p/pri/prior/priority__gb_3.mp3,
updated,P9-453,actors,actor,-s,ˈæktəz,ˈæktə(r),n. 男演员；“actor”的复数；,n. 男演员,oxford,https://www.oxfordlearnersdictionaries.com/media/english/uk_pron/a/act/actor/actor__gb_2.mp3,
updated,P9-28,bones,bone,-s,bəʊnz,bəʊn,n. 骨；骨头；“bone”的复数；,n. 骨；骨头,oxford,https://www.oxfordlearnersdictionaries.com/media/english/uk_pron/b/bon/bone_/bone__gb_2.mp3,
updated,P9-1313,drawings,drawing,-s,ˈdrɔːɪŋz,ˈdrɔːɪŋ,n.图纸,n.图纸,oxford,https://www.oxfordlearnersdictionaries.com/media/english/uk_pron/d/dra/drawi/drawing__gb_3.mp3,
updated,P9-648,lectures,lecture,-s,ˈlektʃəz,ˈlektʃə(r),n. 讲课；演讲；“lecture”的复数；,n. 讲课；演讲,oxford,https://www.oxfordlearnersdictionaries.com/media/english/uk_pron/l/lec/lectu/lecture__gb_2.mp3,
updated,P9-1045,places,place,-s,ˈpleɪsɪz,pleɪs,n. 地方；“place”的复数,n. 地方,oxford,https://www.oxfordlearnersdictionaries.com/media/english/uk_pron/p/pla/place/place__gb_1.mp3,
updated,P9-237,nuts,nut,-s,nʌts,nʌt,n. 坚果；“nut”的复数；,n. 坚果,oxford,https://www.oxfordlearnersdictionaries.com/media/english/uk_pron/n/nut/nut__/nut__gb_1.mp3,
updated,P9-1370,nutrients,nutrient,-s,ˈnjuːtriənts,ˈnjuːtriənt,n.营养物质,n.营养物质,oxford,https://www.oxfordlearnersdictionaries.com/media/english/uk_pron/n/nut/nutri/nutrient__gb_1.mp3,
updated,P9-646,learners,learner,-s,ˈlɜːnəz,ˈlɜːnə(r),n. 学习者；“learner”的复数,n. 学习者,oxford,https://www.oxfordlearnersdictionaries.com/media/english/uk_pron/l/lea/learn/learner__gb_1.mp3,
updated,P9-1083,stamps,stamp,-s,stæmps,stæmp,n.邮票,n.邮票,oxford,https://www.oxfordlearnersdictionaries.com/media/english/uk_pron/s/sta/stamp/stamp__gb_1.mp3,
updated,P9-745,reactions,reaction,-s,rɪˈækʃənz,riˈækʃn,n.反应,n.反应,oxford,https://www.oxfordlearnersdictionaries.com/media/english/uk_pron/r/rea/react/reaction__gb_3.mp3,
updated,P9-168,jobs,job,-s,dˈʒɒbz,dʒɒb,n. 工作；“job”的复数；,n. 工作,oxford,https://www.oxfordlearnersdictionaries.com/media/english/uk_pron/j/job/job__/job__gb_4.mp3,
updated,P9-1428,universities,university,-ies -> y,ˌjuːnɪˈvɜːsɪtiːz,ˌjuːnɪˈvɜːsəti,n.大学,n.大学,oxford,https://www.oxfordlearnersdictionaries.com/media/english/uk_pron/u/uni/unive/university__gb_3.mp3,
updated,P9-1268,assumptions,assumption,-s,əˈsʌmpʃnz,əˈsʌmpʃn,n. 假定；设想；,n. 假定；设想,oxford,https://www.oxfordlearnersdictionaries.com/media/english/uk_pron/a/ass/assum/assumption__gb_2.mp3,
updated,P9-1574,sexes,sex,-es,ˈsɛksɪz,seks,n.性别,n.性别,oxford,https://www.oxfordlearnersdictionaries.com/media/english/uk_pron/s/sex/sex__/sex__gb_1.mp3,
updated,P1-287,tools,tool,-s,tuːlz,tuːl,n. 工具；刀具；器具；“tool”的复数；,n. 工具；刀具；器具,oxford,https://www.oxfordlearnersdictionaries.com/media/english/uk_pron/t/too/tool_/tool__gb_1.mp3,
updated,P9-311,sales,sale,-s,seɪlz,seɪl,n. 销售额；出售；,n. 销售；出售；特价销售,oxford,https://www.oxfordlearnersdictionaries.com/media/english/uk_pron/s/sal/sale_/sale__gb_1.mp3,
updated,P9-455,advertisements,advertisement,-s,ədˈvɜːtɪsmənts,ədˈvɜːtɪsmənt,n. 广告；“advertisement”的复数；,n. 广告,oxford,https://www.oxfordlearnersdictionaries.com/media/english/uk_pron/a/adv/adver/advertisement__gb_1.mp3,
updated,P9-1332,gates,gate,-s,ˈɡeɪts,ɡeɪt,n.门,n.门,oxford,https://www.oxfordlearnersdictionaries.com/media/english/uk_pron/g/gat/gate_/gate__gb_2.mp3,
updated,P9-1217,farmers,farmer,-s,ˈfɑːməz,ˈfɑːmə(r),n. 农夫；“farmer”的复数；,n. 农夫,oxford,https://www.oxfordlearnersdictionaries.com/media/english/uk_pron/f/far/farme/farmer__gb_1.mp3,
updated,P9-656,machines,machine,-s,məˈʃiːnz,məˈʃiːn,n. 机器；“machine”的复数；,n. 机器,oxford,https://www.oxfordlearnersdictionaries.com/media/english/uk_pron/m/mac/machi/machine__gb_1.mp3,
updated,P9-1043,pets,pet,-s,pets,pet,n. 宠物；宠儿；“pet”的复数；,n. 宠物；宠儿,oxford,https://www.oxfordlearnersdictionaries.com/media/english/uk_pron/p/pet/pet__/pet__gb_4.mp3,
updated,P1-148,brushes,brush,-es,brʌʃiz,brʌʃ,n. 擦( brush的名词复数 ); 刷子; 小冲突; 灌木丛,n. 擦; 刷子; 小冲突; 灌木丛,oxford,https://www.oxfordlearnersdictionaries.com/media/english/uk_pron/b/bru/brush/brush__gb_1.mp3,
updated,P9-752,risks,risk,-s,rɪsks,rɪsk,n. 风险；“risk”的复数； v. 冒……风险；,n. 风险； v. 冒……风险,oxford,https://www.oxfordlearnersdictionaries.com/media/english/uk_pron/r/ris/risk_/risk__gb_2.mp3,
updated,P9-434,weeds,weed,-s,wiːdz,wiːd,n. 杂草；野草；“weed”的复数； v. 除草；铲除；,n. 杂草；野草； v. 除草；铲除,oxford,https://www.oxfordlearnersdictionaries.com/media/english/uk_pron/w/wee/weed_/weed__gb_1.mp3,
